单词,释义
a ,一
abandon ,离弃
abdomen ,腹
ability ,能力
able ,有
abnormal ,反常的
abolish ,废除
abound ,大量存在
about ,在周围
above ,上述的
abroad ,到国外
abrupt ,突然的
absence ,缺乏
absent ,缺席的
absolute ,绝对的
absorb ,吸收
abstract ,抽象的
absurd ,荒谬的
abundance ,丰富
abundant ,大量
abuse ,滥用
academic ,学院的
accelerate ,使加速
accent ,口音
accept ,接受
acceptance ,接受
access ,进入
accessory ,附件
accident ,意外遭遇
accidental ,偶然的
acclaim ,向
accommodate ,向
accompany ,陪伴
accomplish ,实现
accord ,给予
accordance ,一致
accordingly ,相应地
account ,叙述
accountant ,会计人员
accumulate ,堆积
accuracy ,准确
accurate ,正确无误的
accuse ,控告
accustomed ,惯常的
ache ,痛
achieve ,实现
acid ,酸
acknowledge ,承认
acquaintance ,认识
acquire ,获得
acquisition ,取得
acre ,英亩
acrobat ,特技演员
across ,横过
act ,表演
action ,行动
activate ,启动
active ,活跃的
activity ,活动
actor ,男演员
actress ,女演员
actual ,实际的
acute ,剧烈的
adapt ,使适应
add ,加
addict ,使沉溺
addition ,加
additional ,额外的
address ,住址
adequate ,充足的
adjective ,形容词
adjoin ,临近
adjust ,调节
administer ,施行
administration ,经营
admire ,钦佩
admission ,允许进入
admit ,承认
adolescent ,青少年
adopt ,采用
adore ,崇拜
adult ,成年人
advance ,前进
advanced ,超前的
advantage ,优点
adventure ,冒险
adverb ,副词
adverse ,逆的
advertise ,公告
advice ,劝告
advisable ,可取的
advise ,忠告
advocate ,辩护者
affect ,影响
affection ,爱
affiliate ,使隶属
affirm ,断言
affluent ,富裕的
afford ,担负得起
afraid ,害怕的
after ,在
afternoon ,下午
again ,再次
against ,对着
age ,年龄
agency ,代理
agenda ,议事日程
agent ,代理人
aggravate ,加重
aggressive ,侵略的
agitate ,摇动
agree ,答应
agreeable ,符合的
agreement ,协定
agriculture ,农业
ahead ,在前面
Aid ,援助
Aim ,目的
Air ,空气
aircraft ,飞机
airport ,机场
alarm ,惊恐
alcohol ,酒精
Alert ,机警的
Alien ,外侨
Alike ,同样的
Alive ,活着的
All ,全部的
allege ,断言
alleviate ,减轻
alliance ,同盟
allocate ,分配
Allow ,允许
allowance ,补贴
Alloy ,合金
Ally ,同盟者
almost ,几乎
alone ,单独的
along ,向前
alongside ,在旁边
aloud ,出声地
alphabet ,字母表
already ,已
Also ,而且
Alter ,改变
alternate ,交替的
alternative ,二选一
although ,尽管
altitude ,高度
altogether ,完全
always ,总是
amaze ,使惊奇
ambassador ,大使
ambiguous ,引起歧义的
ambition ,对
ambitious ,有抱负的
ambulance ,救护车
amend ,修改
amiable ,和蔼可亲的
Amid ,在
among ,在
amount ,总数
ample ,充分的
amplifier ,放大器
amplify ,放大
amuse ,向
analogue ,类似物
analogy ,类似
ancestor ,祖宗
ancient ,古代的
and ,和
anecdote ,轶事
angel ,天使
anger ,愤怒
angle ,角
angry ,生气的
animal ,动物
ankle ,足踝
anniversary ,周年
announce ,正式宣布
annoy ,使恼怒
annual ,每年的
anonymous ,匿名的
another ,另一个
answer ,回答
ant ,蚁
anticipate ,预料
antique ,古式的
anxiety ,挂念
anxious ,焦虑的
anyhow ,不管怎么说
anything ,任何东西
anyway ,不管怎么说
anywhere ,无论哪里
apart ,分离
apology ,道歉
appal ,使惊骇
apparatus ,器械
apparent ,表面上的
appeal ,呼吁
appear ,出现
appearance ,出现
appendix ,附录
appetite ,食欲
applaud ,鼓掌欢迎
applause ,鼓掌
apple ,苹果
appliance ,电器
applicable ,可应用
application ,申请
appoint ,任命
appointment ,约会
appraisal ,对
appreciate ,为
approach ,靠近
approval ,批准
approximate ,近似的
apt ,恰当的
arbitrary ,任意的
arch ,拱门
architect ,建筑师
architecture ,建筑
area ,面积
argue ,辩论
argument ,争论
arise ,出现
arithmetic ,算术
arm ,手臂
army ,军队
around ,在
arouse ,唤醒
arrange ,安排
array ,大量
arrest ,逮捕
arrival ,到达
arrive ,到达
arrogant ,傲慢的
arrow ,箭
art ,艺术
artery ,动脉
article ,文章
articulate ,善于表达的
artificial ,人工的
artist ,艺术家
artistic ,艺术
as ,同样地
ascend ,渐渐上升
ascertain ,确定
ash ,灰
ashamed ,惭愧的
ashore ,上岸
aside ,在旁边
ask ,问
asleep ,睡觉
aspect ,样子
assassinate ,暗杀
assault ,猛烈地攻击
assemble ,集合
assembly ,集合
assert ,断言
assign ,派给
assignment ,分配
assimilate ,吸收
assist ,协助
assistance ,协作
assistant ,帮助的
associate ,联想
association ,联盟
assume ,假装
assumption ,假定
assurance ,保证
assure ,使确信
astonish ,使惊讶
astronaut ,太空人
astronomy ,天文学
athlete ,运动员
atmosphere ,大气
atom ,原子
attach ,系
attain ,达到
attempt ,企图
attend ,出席
attendance ,出席
attendant ,陪从
attention ,注意
attitude ,态度
attract ,引起的注意
attractive ,吸引人的
audience ,听众
audit ,审计
auditorium ,观众席
aunt ,姨母
aural ,听觉的
authentic ,真的
author ,作者
authority ,权力
automatic ,自动
automation ,自动
autonomy ,自治
autumn ,秋
auxiliary ,辅助的
avenue ,林荫路
average ,平均
avert ,防止
aviation ,航空
avoid ,防止
await ,等候
awake ,醒着的
award ,授予
aware ,知道的
away ,在远处
awe ,敬畏
awful ,极度的
awkward ,笨拙的
axis ,轴
baby ,婴儿
bachelor ,单身汉
back ,后面的
background ,背景
backward ,向后的
bacon ,咸猪肉
bad ,坏的
badge ,徽章
badly ,非常
badminton ,羽毛球
bag ,袋
baggage ,行李
bait ,饵
bake ,烤
balance ,称
balcony ,阳台
bald ,秃的
ball ,球
ballet ,芭蕾舞
balloon ,气球
ban ,取缔
banana ,香蕉
band ,条
bandage ,绷带
bang ,砰砰的声音
bank ,银行
bankrupt ,破产的
banner ,旗
bar ,条
barbecue ,烤肉
barber ,理发师
bare ,赤裸的
barely ,赤裸裸地
bargain ,廉价货
barn ,谷仓
barrel ,桶
barren ,贫瘠的
barrier ,栅栏
base ,基础
baseball ,棒球
basement ,建筑物的底部
basic ,基本的
basin ,盆
basis ,基础
basket ,筐
basketball ,篮球
bat ,球拍
batch ,一批
bath ,沐浴
bathe ,游泳
bathroom ,浴室
battery ,电池
battle ,战役
bay ,海湾
beach ,海滩
bean ,豆
bear ,熊
beard ,胡须
bearing ,轴承
beast ,兽
beat ,敲打
beautiful ,美的
beauty ,美
because ,因为
become ,变成
bed ,床
bee ,蜂
beef ,牛肉
beer ,啤酒
beforehand ,预先
beg ,请求
beginning ,开始
behalf ,利益
behave ,举止
behind ,在
being ,生物
belief ,信任
believe ,相信
bell ,钟
belly ,肚子
below ,在
bench ,长凳
beneath ,在
benefit ,利益
beside ,在
besides ,此外
best ,最好的
bet ,赌
betray ,背叛
better ,较好的
between ,在
beware ,当心
bewilder ,使迷惑
beyond ,在
Bible ,圣经
bid ,祝愿
big ,大的
bill ,账单
bind ,捆
biography ,传记
biology ,生物学
bird ,鸟
birth ,出生
birthday ,生日
biscuit ,饼干
bizarre ,异乎寻常的
black ,黑
blackboard ,黑板
blackmail ,讹诈
blade ,刀刃
blame ,责备
blank ,空白的
blanket ,毯子
blast ,一阵
blaze ,火焰
bleak ,荒凉的
bleed ,出血
blend ,混合
bless ,祝福
blind ,盲的
block ,大块木
blood ,血液
bloody ,流血的
bloom ,花
blossom ,花
blouse ,女衬衣
blow ,吹
blue ,蓝色的
blueprint ,蓝图
blunt ,率直的
blur ,模糊不清的事物
board ,板
boat ,小船
body ,身体
bold ,大胆的
bolt ,螺栓
bomb ,炸弹
bond ,结合
bone ,骨
bonus ,奖金
book ,书
boom ,迅速发展
boot ,靴
booth ,电话亭
border ,边界
bore ,钻
born ,出生的
borrow ,借
bosom ,胸
boss ,老板
both ,两者
bother ,打扰
bottle ,瓶
bottom ,底
boundary ,分界线
bowel ,肠
bowl ,碗
bowling ,保龄球运动
box ,盒
boy ,男孩子
brace ,使防备
brand ,商标
brandy ,白兰地酒
brass ,黄铜
brave ,勇敢的
breach ,违反
bread ,面包
breadth ,宽度
break ,打破
breakdown ,崩溃
breakfast ,早餐
breast ,胸膛
breath ,呼吸
breathe ,呼吸
breeze ,微风
bribe ,贿赂
brick ,砖块
bride ,新娘
bridge ,桥
brief ,简短的
briefcase ,手提箱
bright ,明亮的
brilliant ,光辉的
brim ,边缘
bring ,拿来
brisk ,轻快的
brittle ,易碎的
broad ,宽的
brochure ,小册子
bronze ,青铜
brook ,小溪
broom ,扫帚
brother ,兄弟
brow ,眉
browse ,随意翻阅
bruise ,青肿
brush ,刷
brutal ,残忍的
bubble ,泡
bucket ,水桶
bud ,芽
budget ,预算
buffet ,自助餐
bug ,臭虫
build ,建造
building ,建筑
bulb ,灯泡
bulk ,体积
bull ,公牛
bullet ,子弹
bulletin ,公报
bully ,恃强欺弱者
bundle ,捆
burden ,担子
bureau ,署
bureaucracy ,官僚主义
burn ,燃烧
burst ,爆裂
bury ,埋
bus ,公共汽车
bush ,灌木
business ,商业
busy ,忙
but ,但是
butcher ,屠夫
butter ,黄油
butterfly ,蝴蝶
button ,纽扣
buy ,买
by ,被
cab ,出租车
cabbage ,洋白菜
cabin ,客舱
cabinet ,内阁
cable ,电报
cafe ,咖啡馆
cafeteria ,自助食堂
cage ,鸟笼
cake ,饼
calcium ,钙
calculate ,计算
calendar ,日历
call ,叫
calorie ,卡路里
camel ,骆驼
camera ,照相机
camp ,野营
campaign ,战役
canal ,运河
cancel ,取消
cancer ,癌
candidate ,候选人
candle ,蜡烛
candy ,糖果
cannon ,大炮
canoe ,独木舟
canvas ,帆布
cap ,便帽
capable ,有本领的
capacity ,容量
cape ,海角
capital ,首都
capitalism ,资本主义
capsule ,胶囊
captain ,首领
captive ,俘虏
car ,汽车
carbohydrate ,碳水化合物
carbon ,碳
card ,卡片
care ,小心
careful ,小心的
cargo ,船货
carpenter ,木工
carpet ,地毯
carrier ,搬运人
carrot ,胡萝卜
carry ,运送
cartoon ,漫画
case ,箱
cash ,现金
cashier ,收银员
cassette ,盒子
cast ,投
castle ,城堡
casual ,偶然的
casualty ,伤亡人员
cat ,猫
catastrophe ,大灾难
catch ,捕捉
category ,种类
cathedral ,大教堂
Catholic ,天主教的
cattle ,牛
cause ,原因
caution ,谨慎
cave ,洞
ceiling ,天花板
celebrate ,庆祝
celebrity ,名人
cell ,细胞
cellar ,地窑
cement ,水泥
cemetery ,坟墓
census ,人口普查
cent ,分
central ,中心的
centre ,中心
century ,世纪
cereal ,加工而成的谷类食物
ceremony ,典礼
certain ,某
certainly ,一定
certainty ,必然
certificate ,证
certify ,证明
chain ,链
chair ,椅子
chairman ,主席
chalk ,粉笔
challenge ,挑战
chamber ,房间
champagne ,香槟酒
champion ,冠军
chance ,机会
change ,改变
channel ,海峡
chaos ,混乱
character ,性格
charge ,索
charity ,慈善
charm ,吸引力
chart ,图表
charter ,租船
cheap ,便宜的
cheat ,欺骗
cheek ,面颊
cheese ,干酪
chemical ,化学的
chemist ,化学家
chemistry ,化学
cherish ,抱有
cherry ,樱桃
chess ,棋
chest ,胸腔
chew ,咀嚼
chicken ,鸡肉
chief ,主要的
childhood ,幼年
chill ,寒冷
chimney ,烟囱
chin ,下巴
china ,瓷器
chip ,切屑
chocolate ,巧克力
choice ,选择
choke ,窒息
choose ,选择
chop ,砍
chorus ,合唱队
Christ ,基督
Christian ,基督教徒
Christmas ,圣诞节
church ,教堂
cigar ,雪茄烟
cinema ,电影院
circle ,圆
circuit ,环行
circular ,圆
circumference ,圆周
circus ,马戏团
cite ,引用
citizen ,公民
city ,城市
civil ,公民的
civilian ,平民
claim ,要求
clap ,拍手
clarify ,澄清
clarity ,清晰
clasp ,扣子
class ,班级
classical ,经典的
classification ,分类
classify ,分类
classroom ,教室
claw ,爪
clay ,粘土
clean ,清洁的
clerk ,职员
clever ,聪明的
click ,滴答声
client ,律师等的当事人
cliff ,悬崖
climate ,气候
climax ,顶点
clinic ,诊所
clip ,剪
cloak ,斗蓬
clock ,钟
clockwise ,顺时针方向
clone ,无性繁殖
clothes ,衣服
clothing ,服装
cloud ,云
cloudy ,多云的
club ,俱乐部
clue ,线索
clumsy ,笨拙的
cluster ,丛
clutch ,抓住
coach ,长途公共汽车
coal ,煤
coalition ,结合体
coarse ,粗糙的
coast ,海岸
coat ,上衣
cocaine ,可卡因
cock ,公鸡
code ,代码
coffee ,咖啡
cognitive ,认知的
coherent ,一致的
cohesive ,粘合性的
coil ,卷
coin ,硬币
coincide ,同时发生
coincidence ,巧合
coke ,焦炭
cold ,冷的
collaborate ,协作
collar ,衣领
colleague ,同事
collect ,收集
collection ,收藏
collective ,集体
college ,学院
collision ,碰撞
colonial ,殖民地的
colony ,殖民地
column ,圆柱
comb ,梳子
combination ,结合
combine ,联合
come ,来
comedy ,喜剧
comfort ,舒适
comfortable ,舒适的
comic ,喜剧的
commemorate ,纪念
commence ,开始
commend ,称赞
comment ,注释
commerce ,商业
commercial ,商业的
commission ,委员会
commit ,把
committee ,委员会
common ,普通的
commonplace ,普通的
commonwealth ,共和国
communicate ,传达
communication ,通讯
communism ,共产主义
community ,同一地区的全体居民
commute ,乘公交车上下班
compact ,紧密的
companion ,同伴
company ,公司
comparative ,比较的
comparison ,比较
compartment ,卧车包房
compass ,罗盘
compassion ,同情
compatible ,能和睦相处的
compel ,强迫
compensation ,补偿
compete ,比赛
competent ,有能力的
competition ,竞争
competitive ,竞争的
compile ,编辑
complaint ,抱怨
complement ,补足物
confront ,使面临
confuse ,使混乱
confusion ,困惑
conjunction ,接合
connect ,连接
conquer ,征服
conquest ,征服
conscience ,良心
conscientious ,审慎正直的
consecutive ,连续的
consequence ,结果
consequently ,结果
conservation ,保存
conservative ,保守的
consider ,考虑
considerable ,相当大
considerate ,考虑周到的
consideration ,需要考虑的事
console ,控制台
consolidate ,使加固
conspicuous ,显眼的
conspiracy ,阴谋
constant ,固定的
constituent ,选民
constitute ,组成
constitution ,构成
constrain ,限制
construct ,建设
construction ,建造
consult ,请教
consultant ,会诊医师
consume ,消耗
consumption ,消费
contain ,包含
container ,容器
contaminate ,弄污
contemplate ,盘算
contemporary ,现代的
correspond ,通信
correspondence ,通信
correspondent ,记者
corresponding ,符合的
corridor ,走廊
corrupt ,贿赂
cosmic ,宇宙的
cost ,成本
costly ,昂贵的
cosy ,暖和舒服的
cottage ,村舍
cotton ,棉花
couch ,长沙发
council ,理事会
count ,数
counter ,柜台
counterpart ,对应的人
country ,国家
countryside ,乡下
coupon ,证明持券人有某种权利的卡片
courage ,勇气
course ,课程
court ,法院
courtesy ,谦恭有礼
courtyard ,院子
cousin ,堂
cover ,覆盖
cow ,母牛
coward ,懦夫
crab ,螃蟹
crack ,裂纹
cradle ,摇篮
craft ,工艺
crane ,起重机
crazy ,疯狂的
cream ,乳脂
create ,创造
creative ,有创造力的
creature ,人
credential ,凭证
creep ,爬
crew ,全体船员
cricket ,板球
crime ,罪行
criminal ,罪犯
cripple ,跛子
crisp ,脆的
critic ,批评家
critical ,批评的
criticism ,评论性的文章
crop ,作物
cross ,十字
crow ,乌鸦
crowd ,人群
crown ,王冠
crucial ,至关重要的
crude ,天然的
cruel ,残忍的
cruise ,巡航
crust ,外皮
crystal ,水晶
cube ,立方形
cucumber ,黄瓜
cultivate ,耕作
culture ,文化
cup ,杯子
cupboard ,碗柜
curb ,路边
curiosity ,好奇心
curious ,好奇的
currency ,流传
current ,电流
curse ,诅咒
curtain ,窗帘
curve ,曲线
cushion ,垫子
custom ,习惯
customary ,习惯的
customer ,顾客
cyberspace ,虚拟信息空间
cycle ,自行车
cylinder ,圆筒
daily ,每日的
dairy ,牛奶场
dam ,水坝
damn ,该死
damp ,潮湿
dance ,舞
danger ,危险
dangerous ,危险的
dare ,敢
dark ,黑暗的
darling ,心爱的人
date ,日期
daughter ,女儿
dawn ,黎明
day ,天
daylight ,日光
daytime ,白天
dazzle ,使惊奇
dead ,死的
deadline ,最后期限
deadly ,致命的
deaf ,聋的
deal ,处理
dealer ,商人
dear ,昂贵的
death ,死
debt ,债
decade ,十年
deceit ,欺骗
deceive ,欺骗
December ,十二月
decent ,体面的
decide ,决定
decimal ,十进的
decision ,决定
decisive ,决定性的
deck ,甲板
declaration ,宣言
declare ,宣布
decline ,下降
decorate ,装饰
decrease ,减少
dedicate ,奉献
deduct ,扣除
deed ,行为
deem ,认为
deep ,深的
deer ,鹿
defeat ,击败
defect ,过失
defend ,防守
deficiency ,缺乏
deficit ,赤字
define ,给
definite ,明确的
definition ,定义
degenerate ,衰退
degree ,程度
delegate ,代表
delete ,删除
deliberate ,深思熟虑的
delicate ,纤弱的
delicious ,美味的
delight ,快乐
deliver ,交付
delivery ,递送
democracy ,民主
democratic ,民主的
demonstrate ,论证
denial ,否认
denote ,表示
denounce ,公开指责
dense ,浓厚的
density ,密集
dental ,牙齿的
dentist ,牙医
deny ,否认
depart ,离开
department ,部
departure ,离开
dependent ,依靠的
depict ,描绘
deposit ,存放
depress ,压抑
deprive ,剥夺
depth ,深
deputy ,代理人
derive ,取得
descend ,下来
descendant ,子孙
descent ,下降
describe ,描述
description ,描写
desert ,沙漠
deserve ,应受
design ,设计
designate ,指明
desirable ,值得做的
desk ,书桌
desolate ,荒凉的
despair ,绝望
desperate ,不顾一切的
despise ,轻视
despite ,不管
dessert ,正餐后的水果或甜食
destination ,目的地
destiny ,命运
destroy ,破坏
destruction ,毁坏
destructive ,破坏性
detach ,分开
detail ,细节
detain ,耽搁
detect ,察觉
detective ,侦探
detector ,发现者
determine ,决心
develop ,发展
device ,装置
devil ,魔鬼
devise ,设计
dew ,露水
diagnose ,诊断
diagram ,图表
dial ,钟
dialect ,方言
diameter ,直径
diamond ,金钢石
diary ,日记
dictate ,口授
dictation ,听写
dictionary ,词典
die ,死
diet ,饮食
difference ,差别
different ,差异的
differentiate ,区分
difficult ,困难的
difficulty ,困难
diffuse ,扩散
dig ,挖
digest ,消化
digital ,数字的
diligent ,勤奋的
dilute ,稀释
dim ,暗淡的
dimension ,尺寸
diminish ,缩小
dine ,吃饭
dinner ,正餐
diploma ,毕业文凭
diplomatic ,外交的
direction ,方向
directly ,直接地
director ,指导者
directory ,人名地址录
dirt ,污物
dirty ,弄脏的
disable ,使残废
disappear ,不见
disappoint ,失望
disaster ,灾难
disastrous ,灾难性的
discard ,丢弃
discern ,认出
discipline ,纪律
disclose ,揭示
discount ,折扣
discourage ,使泄气
discourse ,论文
discover ,发现
discovery ,发现
discrepancy ,相差
discriminate ,区别
discuss ,讨论
disease ,疾病
disgrace ,失宠
disgust ,厌恶
dish ,碟子
dismiss ,免职
disorder ,混乱
displace ,移置
disposal ,处理
disposition ,排列
dispute ,争论
disregard ,不理会
disrupt ,使混乱
dissipate ,驱散
distance ,距离
distant ,远的
distill ,蒸馏
distinct ,清楚的
distinction ,区别
distort ,弄歪
distract ,分散
distress ,苦恼
distribute ,分发
district ,地区
disturb ,扰乱
disturbance ,动乱
ditch ,沟
diverse ,多种多样的
diversion ,转向
divert ,使转向
divide ,分
dividend ,红利
divine ,神的
division ,分
dizzy ,头晕目眩的
dock ,船坞
doctor ,医生
doctorate ,博士学位
document ,公文
documentary ,文献的
dog ,狗
doll ,玩偶
dome ,圆屋顶
domestic ,家里的
dominant ,支配的
dominate ,支配
donate ,损赠
donkey ,驴子
doom ,厄运
door ,门
doorway ,门口
dose ,剂量
dot ,点
dove ,鸽子
down ,下
downstairs ,在楼下
downtown ,在城市的商业区
downward ,向下的
dozen ,一打
draft ,草稿
drag ,拖
dragon ,龙
drain ,排水沟
drama ,剧本
dramatic ,戏剧的
drastic ,激烈的
draw ,拉
drawback ,欠缺
drawer ,抽屉
drawing ,绘图
dress ,服装
drill ,练习
drip ,滴下
drive ,开
driver ,驾驶员
drop ,滴
drought ,旱灾
drown ,溺死
drug ,药物
drum ,鼓
drunk ,醉酒的
dry ,干
dubious ,怀疑的
duck ,鸭
dull ,单调的
dumb ,哑的
dump ,倾倒
duplicate ,复制品
durable ,持久的
duration ,持久
during ,在
dusk ,薄暮
dust ,灰尘
duty ,义务
dwarf ,矮子
dwell ,住
dwelling ,住宅
dye ,染料
dynamic ,动力的
dynasty ,王朝
eagle ,鹰
ear ,耳
early ,早的
earn ,赚得
earnest ,热心的
earth ,地球
earthquake ,地震
ease ,减轻
east ,东
Easter ,复活节
eastern ,东方的
easy ,容易的
eat ,吃
ebb ,衰退
eccentric ,古怪的
eclipse ,日食
ecology ,生态学
economic ,经济
economical ,节约的
economics ,经济学
economy ,节约
edge ,边
edible ,可食用的
edit ,编辑
edition ,版
editor ,编辑
editorial ,社论
educate ,教育
education ,教育
effect ,结果
effective ,有效的
efficiency ,效率
efficient ,有效的
effort ,努力
egg ,蛋
ego ,自我
eight ,八
eighteen ,十八
either ,也
eject ,喷射
elastic ,弹性的
elbow ,肘
elder ,年长的
elderly ,较老的
elect ,选举
electric ,电的
electrical ,电的
electrician ,电学家
electricity ,电
electron ,电子
electronic ,电子的
elegant ,优雅的
element ,元素
elementary ,初步的
elevate ,举起
elevator ,电梯
eleven ,十一
eligible ,符合条件的
eliminate ,除去
eloquent ,雄辩的
else ,其它
elsewhere ,在别处
embarrass ,使困窘
embassy ,大使馆
embed ,把
embed ,把
embody ,具体表达
embrace ,拥抱
emerge ,显现
emergency ,紧急情况
eminent ,显赫的
emit ,发出
emotion ,情绪
emperor ,皇帝
emphasis ,强调
empire ,帝国
empirical ,凭经验
employee ,雇工
employer ,雇主
employment ,雇用
empty ,空的
enable ,使能够
enclose ,围住
enclosure ,围住
encourage ,鼓励
end ,末端
ending ,结尾
endow ,资助
endurance ,忍耐
endure ,忍受
enemy ,敌人
energetic ,精力旺盛的
energy ,活力
enforce ,实施
engagement ,约会
engine ,发动机
engineer ,工程师
engineering ,工程学
enhance ,提高
enjoy ,享受
enlarge ,扩大
enlighten ,启发
enormous ,巨大的
enrich ,使富足
ensure ,确保
entail ,使承担
enter ,进入
enterprise ,事业
entertain ,招待
entertainment ,招待
enthusiasm ,热情
enthusiastic ,热情的
entire ,完全的
entitle ,给以权利
entity ,实体
entrance ,入口
entry ,进入
envelope ,信封
environment ,环境
envisage ,想象
epidemic ,流行性的
episode ,一段情节
epoch ,新纪元
equal ,相等的
equality ,同等
equator ,赤道
equipment ,设备
era ,时代
erase ,擦掉
erect ,树立
erosion ,腐蚀
erroneous ,错误的
error ,错误
escape ,逃跑
escort ,护送
especially ,特别
essay ,文章
essence ,本质
essential ,本质的
establish ,建立
establishment ,建立
estate ,房地产
esteem ,尊敬
eternal ,永久的
ethnic ,种族的
evacuate ,撤离
evade ,逃避
evaluate ,估价
evaporate ,蒸发
even ,甚至
evening ,傍晚
event ,事件
eventually ,终于
ever ,曾经
every ,每一个的
everyday ,每日的
everything ,每件事
everywhere ,到处
evidence ,明显
evident ,明显的
evil ,邪恶的
evoke ,唤起
evolution ,进化
exact ,确切的
exaggerate ,夸大
examine ,检查
example ,例子
exceed ,超过
exceedingly ,极端地
excel ,胜过其他
excellent ,卓越的
except ,除
exception ,例外
exceptional ,例外的
excess ,过量的
excessive ,过多的
excite ,刺激
excitement ,刺激
exciting ,令人兴奋的
exclaim ,呼喊
exclude ,拒绝
exclusive ,独占的
excursion ,短途旅行
excuse ,原谅
execute ,实行
executive ,总经理
exemplify ,举例证明
exempt ,免除的
exercise ,练习
exert ,尽
exhaust ,使筋疲力尽
exhibit ,展出
exhibition ,展览会
exile ,流放
exist ,存在
existence ,存在
exit ,出口
exotic ,奇异的
expansion ,扩张
expect ,预期
expectation ,预期
expedition ,远征
expel ,把
expend ,消费
expenditure ,花费
expense ,花费
expensive ,花费的
experiment ,实验
experimental ,实验
expert ,专家
expertise ,专门知识
expire ,期满
explain ,解释
explanation ,解释
explicit ,详述的
exploit ,开拓
explore ,勘探
explosion ,爆炸
explosive ,爆炸
exposure ,暴露
express ,表达
expression ,表达
exquisite ,优美的
extend ,延长
extension ,延长
extensive ,广大的
extent ,广度
exterior ,外部的
external ,外部的
extinct ,灭绝的
extinguish ,熄灭
extra ,额外的
extraordinary ,非常的
extravagant ,奢侈的
extreme ,末端的
eye ,眼
eyebrow ,眉毛
eyesight ,视力
fable ,寓言
fabric ,织物
fabricate ,捏造
fabulous ,极好的
face ,脸
facilitate ,使变得
facility ,灵巧
fact ,事实
factor ,因素
factory ,工厂
faculty ,才能
fade ,褪色
fail ,失败
failure ,失败
faint ,微弱的
fair ,公平的
fairly ,公正地
fairy ,幻想中的
faith ,信任
faithful ,守信的
fake ,假货
fall ,跌倒
false ,谬误的
fame ,名声
familiar ,熟悉的
family ,家
famine ,饥荒
famous ,著名的
fan ,扇子
fancy ,爱好
fantasy ,幻想
fare ,车费
farewell ,再会
farm ,农场
farmer ,农民
farther ,更远地
fascinate ,迷住
fashion ,流行式样
fashionable ,流行的
fast ,快的
fasten ,扎牢
fat ,多脂肪的
fatal ,致命的
fate ,命运
father ,父亲
fault ,过失
faulty ,有错误的
fear ,害怕
fearful ,可怕的
feasible ,可行的
feast ,节日
feat ,功绩
feather ,羽毛
feature ,特征
February ,二月
federal ,联邦的
federation ,同盟
fee ,费
feeble ,虚弱的
feedback ,反馈
feel ,触
feeling ,感情
fell ,击倒
fellow ,人
fellowship ,伙伴关系
female ,女性
feminine ,女性的
fence ,篱笆
ferry ,摆渡
fertile ,肥沃的
festival ,节日
fetch ,取来
feudal ,封建的
fever ,发热
fiction ,虚构
field ,田野
fierce ,凶猛的
fifteen ,十五
fifty ,五十
figure ,体形
file ,锉刀
film ,电影
filter ,滤器
final ,最终的
finally ,最后
finance ,财政
financial ,财政的
finding ,发现
fine ,晴朗的
finger ,手指
finish ,完成
finite ,有限的
fire ,火
fireman ,消防队员
fireplace ,壁炉
firm ,坚固的
fisherman ,渔夫
fist ,拳头
fitting ,适当的
five ,五
fixture ,固定设备
flag ,旗
flame ,火焰
flap ,垂下物
flat ,平坦的
flatter ,奉承
flaw ,裂缝
flee ,逃走
fleet ,舰队
flesh ,肉
flexible ,柔韧的
flight ,飞翔
float ,飘浮
flood ,洪水
floor ,地板
flour ,面粉
flow ,流
flower ,花
fluent ,流利的
fluid ,流动的
flush ,脸红
fly ,飞行
focus ,焦点
fog ,雾气
fold ,折叠
folk ,人们
follow ,跟随
following ,下列的
food ,食物
fool ,傻子
foolish ,愚笨的
football ,足球
footstep ,脚步
for ,为了
forbid ,禁止
force ,力量
fore ,在前面
forehead ,前额
foreign ,外国的
foreigner ,外国人
foremost ,最先的
foresee ,预见
forest ,森林
forge ,锻造
forget ,忘记
forgive ,原谅
fork ,叉
form ,形状
formal ,正式的
formation ,形成
former ,以前的
formidable ,强大的
forth ,向前
forthcoming ,即将到来的
fortnight ,两星期
fortunate ,幸运的
fortune ,运气
forum ,论坛
fossil ,化石
foster ,养育
foul ,污秽的
found ,建立
foundation ,基础
fountain ,泉水
four ,四
fourteen ,十四
fox ,狐狸
fraction ,碎片
fracture ,裂缝
fragile ,易碎的
fragment ,碎片
fragrant ,香的
frame ,框架
framework ,构架
frank ,坦白的
fraud ,欺诈
free ,自由的
freedom ,自由
freeze ,使结冰
freight ,货物
frequency ,频率
frequent ,时常发生的
fresh ,新鲜的
friction ,磨擦
Friday ,星期五
friend ,朋友
friendly ,友好的
friendship ,友谊
fright ,恐怖
frighten ,使惊恐
fringe ,边缘
frog ,蛙
from ,从
front ,前面的
frontier ,国境
frost ,霜
frown ,皱眉
fruit ,水果
fruitful ,多产的
frustrate ,挫败
fry ,油煎
fuel ,燃料
fun ,玩笑
function ,功能
fund ,资金
fundamental ,基础的
funeral ,丧葬
fly ,飞行
focus ,焦点
fog ,雾气
fold ,折叠
folk ,人们
follow ,跟随
following ,下列的
food ,食物
fool ,傻子
foolish ,愚笨的
football ,足球
footstep ,脚步
for ,为了
forbid ,禁止
force ,力量
fore ,在前面
forehead ,前额
foreign ,外国的
foreigner ,外国人
foremost ,最先的
foresee ,预见
forest ,森林
forge ,锻造
forget ,忘记
forgive ,原谅
fork ,叉
form ,形状
formal ,正式的
formation ,形成
former ,以前的
formidable ,强大的
forth ,向前
forthcoming ,即将到来的
fortnight ,两星期
fortunate ,幸运的
fortune ,运气
forum ,论坛
fossil ,化石
foster ,养育
foul ,污秽的
found ,建立
foundation ,基础
fountain ,泉水
four ,四
fourteen ,十四
fox ,狐狸
fraction ,碎片
fracture ,裂缝
fragile ,易碎的
fragment ,碎片
fragrant ,香的
frame ,框架
framework ,构架
frank ,坦白的
fraud ,欺诈
free ,自由的
freedom ,自由
freeze ,使结冰
freight ,货物
frequency ,频率
frequent ,时常发生的
fresh ,新鲜的
friction ,磨擦
Friday ,星期五
friend ,朋友
friendly ,友好的
friendship ,友谊
fright ,恐怖
frighten ,使惊恐
fringe ,边缘
frog ,蛙
from ,从
front ,前面的
frontier ,国境
frost ,霜
frown ,皱眉
fruit ,水果
fruitful ,多产的
frustrate ,挫败
fry ,油煎
fuel ,燃料
fun ,玩笑
function ,功能
fund ,资金
fundamental ,基础的
funeral ,丧葬
funny ,滑稽的
fur ,毛
furious ,狂怒的
furnace ,炉子
furnish ,供应
furniture ,家具
furthermore ,而且
fuse ,保险丝
futile ,无效的
future ,将来
gain ,获得
galaxy ,星系
gallery ,长廊
gallon ,加仑
game ,游戏
gang ,一帮
gap ,缺口
garage ,车库
garbage ,垃圾
garlic ,蒜
gas ,气体
gasp ,喘息
gate ,大门
gather ,聚集
gauge ,标准尺寸
gay ,快乐的
gear ,齿轮
gene ,基因
general ,一般的
generate ,产生
generation ,产生
generator ,发电机
generous ,宽宏大量的
genetic ,遗传
genius ,天才
gentle ,和蔼的
gentleman ,绅士
gently ,文雅地
genuine ,真正的
geography ,地理
geology ,地质
geometry ,几何
germ ,微生物
gesture ,姿势
get ,获得
ghost ,鬼魂
giant ,巨人
gift ,礼品
gigantic ,巨大的
girl ,少女
give ,给
glad ,高兴的
glare ,怒目而视
glass ,玻璃
glitter ,光辉
global ,球形的
globe ,球体
gloomy ,阴暗的
glorious ,壮丽的
glory ,光荣
glove ,手套
glow ,发热
glue ,胶
go ,去
goal ,目的
goat ,山羊
god ,上帝
gold ,金
golden ,金黄色的
golf ,高尔夫球
good ,好的
goodness ,善良
gorgeous ,华丽的
govern ,统治
government ,政府
governor ,统治者
gown ,长袍
grace ,优美
graceful ,优美的
gracious ,亲切的
grade ,等级
gradual ,逐渐的
graduate ,大学毕业生
grain ,谷物
grammar ,语法
grand ,盛大的
grandmother ,祖母
grant ,同意
grape ,葡萄
graph ,图表
graphic ,绘画似的
grass ,草
gratitude ,感激
grave ,坟墓
gravity ,重力
graze ,吃青草
grease ,动物脂
great ,伟大的
greedy ,贪吃的
green ,绿色的
greenhouse ,温室
greet ,致敬
greeting ,问候
grief ,悲伤
grieve ,使悲伤
grim ,严酷的
grind ,磨
grocer ,食品商
gross ,总的
ground ,地
group ,群
grow ,生长
growth ,生长
guarantee ,保证
guest ,客人
guidance ,引导
guide ,领路人
guideline ,指导方针
guilt ,罪过
guitar ,吉他
gulf ,海湾
gum ,树胶
gun ,枪
guy ,家伙
habit ,习惯
hail ,下雹
hair ,毛发
half ,半
hall ,礼堂
halt ,止步
ham ,火腿
hamburger ,汉堡包
hammer ,铁锤
hamper ,妨碍
hand ,手
handbook ,手册
handful ,一把
handicap ,妨碍
handkerchief ,手帕
handle ,柄
handsome ,漂亮的
handwriting ,笔迹
handy ,手边的
hang ,悬挂
happy ,快乐的
harassment ,骚扰
hard ,坚硬的
hardly ,几乎不
hardship ,艰难
hardware ,五金
harmony ,协调
harness ,治理
harsh ,粗糙的
harvest ,收获
haste ,匆忙
hasty ,匆忙的
hat ,帽子
hatch ,孵
hate ,恨
hatred ,憎恨
haul ,拖曳
have ,有
hawk ,鹰
hay ,干草
hazard ,危险
he ,他
head ,头
headache ,头痛
heading ,标题
headline ,大字标题
headmaster ,校长
headquarters ,司令部
heal ,治愈
health ,健康
healthy ,健康的
hear ,听见
hearing ,听
heart ,心
heat ,热
heaven ,天
heavy ,重的
hedge ,篱笆
heel ,脚后跟
height ,高
heighten ,提高
heir ,继承人
helicopter ,直升
hell ,地狱
hello ,英
helmet ,头盔
help ,帮
hemisphere ,半球
hen ,母鸡
hence ,从此
henceforth ,今后
herb ,药草
herd ,群
here ,在
heritage ,遗产
hero ,英雄
heroic ,英雄的
heroin ,海洛因
heroine ,女英雄
hesitate ,犹豫
hide ,隐藏
hierarchy ,等级制度
high ,高的
highlight ,使显著
highly ,高度地
highway ,公路
hijack ,劫持
hike ,徒步旅行
hill ,小山
him ,他
hinge ,合页
hint ,暗示
hip ,臀部
historian ,历史学家
historic ,有历史意义的
historical ,历史的
history ,历史
hit ,打
hitherto ,到目前为止
hobby ,业余爱好
hoist ,举起
hold ,拿着
holder ,持有者
hole ,洞
holiday ,假日
hollow ,空的
holy ,神圣的
home ,回家
homogeneous ,同种类的
honest ,诚实的
honey ,蜜
hook ,钩
hop ,人单足跳
hope ,希望
hopeful ,给人希望的
horizon ,地平线
horizontal ,地平线的
horrible ,令人恐惧的
horror ,恐怖
horse ,马
hose ,水龙带
hospital ,医院
hospitality ,好客
host ,主人
hostage ,人质
hostess ,女主人
hostile ,敌对的
hotel ,旅馆
hound ,猎狗
hour ,小时
house ,房屋
household ,家庭
housewife ,家庭主妇
housework ,家务
housing ,住房
however ,然而
howl ,怒吼
huge ,巨大的
hum ,哼曲子
human ,人的
humanity ,人类
humble ,谦卑的
humid ,湿的
humidity ,湿气
humiliate ,使羞辱
humorous ,富于幽默感的
hundred ,百
hungry ,饥饿的
hurl ,猛投
hurricane ,飓风
hurry ,匆忙
hurt ,伤痛
husband ,丈夫
hut ,小屋
hydrogen ,氢
hypocrisy ,伪善
hypothesis ,假说
hysterical ,情绪异常激动的
ice ,冰
hose ,水龙带
hospital ,医院
hospitality ,好客
host ,主人
hostage ,人质
hostess ,女主人
hostile ,敌对的
hotel ,旅馆
hound ,猎狗
hour ,小时
house ,房屋
household ,家庭
housewife ,家庭主妇
housework ,家务
housing ,住房
however ,然而
howl ,怒吼
huge ,巨大的
hum ,哼曲子
human ,人的
humanity ,人类
humble ,谦卑的
humid ,湿的
humidity ,湿气
humiliate ,使羞辱
humorous ,富于幽默感的
hundred ,百
hungry ,饥饿的
hurl ,猛投
hurricane ,飓风
hurry ,匆忙
hurt ,伤痛
husband ,丈夫
hut ,小屋
hydrogen ,氢
hypocrisy ,伪善
hypothesis ,假说
hysterical ,情绪异常激动的
ice ,冰
impossible ,不可能的
impression ,印象
impressive ,给人深刻印象的
improve ,改善
improvement ,改进
impulse ,推动
in ,在
incentive ,刺激
inch ,英寸
incidence ,影响程度
incident ,事件
incidentally ,附带地
include ,包括
income ,收入
incorporate ,合并
increasingly ,不断增加地
incredible ,不可相信的
incur ,招致
indeed ,确实
independence ,独立
indicate ,指出
indication ,指出
indifferent ,冷漠的
indignant ,愤慨的
indignation ,愤怒
individual ,个人的
indoor ,室内的
induce ,引诱
indulge ,放任
industrial ,工业的
industry ,工业
inertia ,不活动
inevitable ,不可避免的
infant ,婴儿
infect ,传染
infectious ,传染的
infer ,推论
inference ,推论
inferior ,下等的
infinite ,无限的
inflation ,通货膨胀
influential ,有影响的
information ,通知
infrastructure ,基础结构
ingenious ,机敏的
inhabit ,居住于
inhabitant ,居民
inhale ,吸入
inherent ,固有的
inherit ,继承
inhibit ,抑制
initial ,最初的
initiate ,开始
initiative ,创始的
inject ,注射
injure ,损害
injury ,伤害
ink ,墨水
inlet ,水湾
inn ,小旅馆
inner ,内部的
innovation ,改革
innumerable ,无数的
insect ,昆虫
insert ,插入
inside ,里面的
insight ,洞察力
inspect ,检查
inspiration ,灵感
inspire ,鼓舞
installation ,安装
instance ,例子
instant ,立即的
instantaneous ,瞬间的
instead ,代替
instinct ,本能
institute ,学会
institution ,公共机构
instruct ,教
instruction ,教授
instrument ,工具
instrumental ,仪器的
insulate ,隔离
insurance ,保险
insure ,保险
intact ,完整无缺的
integral ,构成整体所必需的
integrity ,正直
intellectual ,知识分子
intelligence ,智力
intelligent ,聪明的
intelligible ,可理解的
intend ,想要
intense ,强烈的
intensity ,强烈
intensive ,加强的
intention ,意图
interact ,互相作用
intercourse ,交流
interesting ,有趣的
interface ,接合部位
interim ,中间的
interior ,内部的
intermediate ,中间的
intermittent ,间歇的
internal ,内部的
international ,国际的
interpret ,解释
interrupt ,中断
intersection ,相交
interval ,间隔
intimate ,亲密的
intimidate ,胁迫
into ,到
intricate ,复杂的
intrigue ,阴谋
introduce ,介绍
intrude ,闯入
intuition ,直觉
invade ,入侵
invalid ,病人
invaluable ,非常宝贵的
invariably ,不变地
invasion ,入侵
invent ,发明
invention ,发明
inventory ,详细目录
inverse ,相反的
invert ,倒置
invest ,投资
investigate ,调查
investment ,投资
invisible ,看不见的
invitation ,邀请
invite ,邀请
involve ,卷入
inward ,向内
iron ,铁
irony ,反话
irrespective ,不顾的
irrigate ,灌溉
irritate ,激怒
island ,岛
isle ,小岛
isolate ,隔离
issue ,问题
it ,它
item ,条
jacket ,短上衣
jam ,阻塞
January ,一月
jar ,罐坛
jargon ,行话
jaw ,颌
jazz ,爵士乐
jeans ,牛仔裤
jet ,喷气发动机
jewel ,宝石
job ,工作
jog ,慢跑
join ,参加
joint ,接合处
joke ,笑话
jolly ,欢乐的
journal ,定期刊物
journalist ,记者
journey ,旅行
joy ,欢乐
judge ,法官
judicial ,司法的
July ,七月
junction ,连接
June ,六月
jungle ,丛林
junk ,废物
jury ,陪审团
just ,正好地
justice ,公正
justify ,证明
juvenile ,青少年
keen ,锋利的
keep ,保持
kettle ,水壶
key ,钥匙
keyboard ,键盘
kid ,小孩
kidnap ,诱拐
kidney ,肾
kill ,杀死
kin ,家族
kind ,仁慈的
kindergarten ,幼儿园
kindness ,仁慈
king ,君主
kingdom ,王国
kit ,成套工具
kitchen ,厨房
kite ,风筝
knee ,膝
kneel ,跪
knife ,刀
knit ,编织
knob ,门把
knock ,敲
know ,知道
knowledge ,知识
label ,标签
lace ,花边
lad ,男孩
ladder ,梯子
lady ,女士
lake ,湖泊
lamb ,羔羊
lame ,跛的
lamp ,灯
land ,陆地
landlady ,女房东
landlord ,房东
lane ,小路
language ,语言
lantern ,灯
lap ,大腿
lapse ,失误
laptop ,膝上型电脑
large ,大的
largely ,主要地
laser ,激光
lash ,鞭打
last ,最后的
late ,迟的
lately ,最近
latent ,潜在的
later ,后来
lateral ,侧面的
Latin ,拉丁的
latitude ,纬度
latter ,后者的
laugh ,笑
laughter ,笑
launch ,发射
laundry ,洗衣房
lavatory ,厕所
law ,法律
lawn ,草地
lawyer ,律师
lay ,放
layer ,层
layman ,外行
layoff ,临时解雇
layout ,安排
lazy ,懒惰的
lead ,领导
leadership ,领导
leading ,领导的
leaf ,叶子
leaflet ,小叶
league ,同盟
leak ,漏
lean ,倾斜
leap ,跳
learn ,学习
learned ,博学的
learning ,知识
lease ,出租
least ,最小的
leather ,皮革
leave ,离开
left ,左面
leg ,腿
legacy ,遗产
legal ,法律的
legend ,传说
legislation ,法律
legitimate ,合法的
leisure ,空闲
lemon ,柠檬
lend ,借给
length ,长
lens ,透镜
lest ,惟恐
let ,让
letter ,信
level ,水平
lever ,杆
levy ,征收
liability ,责任
liable ,有
liberal ,慷慨的
liberate ,解放
liberty ,自由
librarian ,图书管理员
library ,图书馆
lick ,舔
lid ,盖
lie ,躺
life ,生命
lifetime ,一生
lift ,升起
light ,光
lightning ,闪电
like ,喜欢
likelihood ,可能性
likely ,很可能的
likewise ,同样地
limb ,肢
limit ,界限
limitation ,限制
limited ,有限的
limp ,柔软的
line ,线
linear ,线的
linen ,亚麻布
liner ,班机
linger ,逗留
linguistic ,语言的
link ,连接
lion ,狮子
lip ,嘴唇
liquid ,液体
liquor ,酒
list ,表
listen ,倾听
literacy ,有文化
literally ,照字面意义
literary ,文学上的
literature ,文学
litter ,垃圾
little ,小
live ,活着
lively ,活泼的
liver ,肝
living ,活的
load ,装
loaf ,一个面包
loan ,贷款
lobby ,门廊
local ,地方的
locality ,位置
locate ,查出
location ,位置
lock ,锁
locker ,更衣箱
locomotive ,机车
lodge ,临时住宿
lofty ,崇高的
log ,原木
logic ,逻辑
logical ,逻辑的
lonely ,孤独的
long ,长的
longitude ,经度
loom ,织布机
loop ,圈
loosen ,解开
lorry ,卡车
lose ,丢失
loss ,丧失
lot ,许多
lottery ,抽彩
loud ,大声的
loudspeaker ,扬声器
lounge ,休息室
love ,爱
lovely ,可爱的
lover ,爱好者
low ,低
lower ,较低的
loyalty ,忠诚
lubricate ,润滑
luck ,运气
lucky ,幸运的
luggage ,行李
lumber ,木材
lump ,团
lunar ,月亮的
lunch ,午餐
lung ,肺
lure ,吸引力
luxury ,奢侈
machine ,机器
mad ,发疯的
magazine ,杂志
magic ,魔术
magistrate ,地方行政官
magnet ,磁体
magnetic ,磁的
magnificent ,华丽的
magnify ,放大
magnitude ,大小
maid ,少女
maiden ,少女
mail ,邮件
main ,主要的
mainland ,大陆
maintain ,维修
maintenance ,维修
majesty ,雄伟
major ,主要的
majority ,多数
malignant ,恶性的
mammal ,哺乳动物
manage ,经营
management ,经营
manager ,经理
manifest ,表明
mankind ,人类
manner ,方式
manual ,手的
manufacture ,制造
manuscript ,手稿
many ,许多的
map ,地图
marble ,大理石
March ,三月
margin ,页边空白
marginal ,记在页边的
marine ,海的
marital ,婚姻的
mark ,痕迹
market ,集市
marriage ,结婚
married ,已婚的
marry ,结婚
Marxist ,马克思主义的
masculine ,男性的
mask ,面具
mass ,大量
massacre ,残杀
massive ,大而重的
master ,男主人
masterpiece ,杰作
mat ,席子
match ,火柴
mate ,伙伴
material ,材料
mathematical ,数学的
matter ,物质
mature ,成熟的
maximum ,最大值
May ,五月
maybe ,可能
mayor ,市长
meadow ,草地
meal ,膳食
mean ,表示
meaning ,意思
means ,方法
meanwhile ,其时
measure ,测量
mechanic ,技工
mechanical ,机械的
mechanism ,机械装置
medal ,奖章
medical ,医学的
medicine ,内服药
medieval ,中世纪的
meditate ,想
meditation ,熟虑
meet ,会
meeting ,会议
melody ,旋律
melon ,甜瓜
member ,成员
membership ,会员资格
memorial ,记忆的
memory ,记忆
mend ,修理
mental ,精神的
menu ,菜单
merchandise ,商品
merchant ,商人
mercury ,水银
mercy ,仁慈
mere ,纯粹的
merely ,仅仅
merit ,优点
merry ,欢乐的
mess ,混乱
message ,消息
messenger ,送信者
metal ,金属
metaphor ,隐喻
method ,方法
metric ,米制的
metropolitan ,首都的
microphone ,话筒
microscope ,显微镜
midst ,中间
migrate ,迁移
mild ,温和的
mile ,英里
militant ,好战的
military ,军事的
milk ,牛奶
mill ,磨粉机
millionaire ,百万富翁
mind ,精神
mineral ,矿物
missile ,导弹
missing ,漏掉的
mission ,使命
missionary ,教会的
mist ,薄雾
mistake ,错误
mistress ,女主人
misunderstand ,误解
mix ,使混合
mixture ,混合
moan ,呻吟声
mob ,乌合之众
mobile ,可动的
mock ,嘲笑
mode ,方式
model ,样式
moderate ,有节制的
modern ,现代的
modest ,谦虚的
modify ,更改
module ,组件
moist ,潮湿的
moisture ,潮湿
molecule ,分子
moment ,片刻
momentum ,动力
monarch ,帝王
Monday ,星期一
monetary ,金融的
money ,货币
monitor ,班长
monkey ,猴子
monopoly ,垄断
monotonous ,单调的
monster ,怪物
month ,月
monthly ,每月的
monument ,纪念碑
mood ,心情
moral ,道德
morality ,道德
more ,更多的
morning ,早晨
mortal ,致命的
mosaic ,马赛克
mosquito ,蚊子
moss ,苔
most ,最多的
mostly ,几乎全部地
mother ,母亲
motion ,运动
motivate ,促动
motive ,动机
motor ,发动机
mount ,登上
mountain ,山
mourn ,哀悼
mouth ,口
move ,移动
movement ,运动
movie ,电影
much ,多的
mud ,泥
multiple ,多样的
multitude ,众多
municipal ,市
muscle ,肌肉
muscular ,肌肉的
museum ,博物馆
mushroom ,蘑菇
music ,音乐
musical ,音乐的
musician ,音乐家
mute ,哑的
mutter ,喃喃而语
mutton ,羊肉
mutual ,相互的
mysterious ,神秘的
mystery ,神秘
myth ,神话
nail ,指甲
naive ,天真的
naked ,裸体的
name ,名字
namely ,即
nap ,小睡
napkin ,餐巾
narrative ,叙述性的
narrow ,狭窄的
nasty ,肮脏的
nation ,民族
national ,民族的
nationality ,国籍
native ,本地的
natural ,正常的
nature ,自然界
naughty ,顽皮的
naval ,海军的
navigation ,航海
navy ,海军
near ,近的
nearby ,附近的
nearly ,差不多
neat ,整洁的
necessary ,必需的
necessitate ,使成为必要
necessity ,必要性
neck ,颈脖
necklace ,项链
needle ,针
negative ,否定的
negligible ,可忽略不计的
negotiate ,商订
Negro ,黑人
neither ,两者都不
nephew ,侄子
nerve ,神经
nervous ,神经的
nest ,窝
net ,网
network ,网状物
neutral ,中立的
never ,永不
new ,新
news ,新闻
newspaper ,报纸
next ,紧接的
nice ,美好的
nickel ,镍
nickname ,绰号
niece ,侄女
night ,夜间
nightmare ,恶梦
nine ,九
ninety ,九十
no ,不是
noble ,高尚的
nobody ,谁也不
nod ,点
noise ,喧闹声
noisy ,吵闹的
nominal ,名义上的
nominate ,提名
none ,没有任何人
nonsense ,胡说
noon ,中午
norm ,准则
normal ,正常的
north ,北
northeast ,东北
northern ,北方的
northwest ,西北方
nose ,鼻子
not ,不
notable ,值得注意的
note ,笔记
notebook ,笔记本
nothing ,没有东西
notice ,通知
noticeable ,显而易见的
notify ,通知
notion ,概念
notorious ,臭名昭著的
noun ,名词
nourish ,提供养分
novelty ,新奇
November ,十一月
now ,现在
nowadays ,现今
nowhere ,任何地方都不
nuclear ,核心的
nuisance ,讨厌的人
numb ,麻木的
number ,数
numerical ,数字的
numerous ,众多的
nurse ,护士
nursery ,托儿所
nut ,坚果
nutrition ,营养
nylon ,尼龙
oak ,橡树
oar ,桨
oath ,誓言
obedience ,服从
obedient ,服从的
obey ,服从
object ,物体
objective ,目标
obligation ,义务
oblige ,强迫
obscure ,暗的
observation ,观察
observe ,观察
obsession ,迷住
obsolete ,已废弃的
obstacle ,障碍
obstruct ,阻隔
obstruction ,妨碍
obtain ,获得
obvious ,明显的
occasion ,场合
occasional ,偶然的
occupation ,占领
occupy ,占
occur ,发生
occurrence ,发生
ocean ,海洋
October ,十月
odd ,奇数的
odds ,不平等
off ,离开
offend ,犯罪
offensive ,冒犯的
offer ,提供
office ,办公室
officer ,官员
official ,官员
offset ,分支
offspring ,子孙
often ,常常
oil ,油
old ,年老的
omit ,省略
on ,连接上
once ,一次
one ,一
onion ,洋葱
only ,仅仅
onto ,在
opaque ,不透明
open ,公开
opening ,开
opera ,歌剧
operate ,操作
operation ,运转
operational ,操作的
operator ,操作人员
opinion ,意见
opponent ,对手
opportunity ,机会
oppose ,反对
opposite ,对面的
oppress ,压迫
opt ,抉择
optical ,眼的
optimistic ,乐观主义的
optimum ,最适宜的
option ,选择
optional ,可以任选的
or ,或
oral ,口头的
orange ,柑
orbit ,轨道
orchard ,果园
orchestra ,管弦乐队
order ,命令
orderly ,整齐的
ordinary ,普通的
ore ,矿石
organ ,器官
organic ,器官的
organism ,生物
orient ,东方
oriental ,东方的
orientation ,方向
origin ,起源
original ,最初的
ornament ,装饰
orphan ,孤儿
orthodox ,传统的
other ,另外的
otherwise ,另样
ought ,应该
ounce ,盎司
out ,出去
outcome ,结果
outdoor ,室外的
outer ,外部的
outfit ,用具
outing ,外出
outlet ,出路
outline ,轮廓
outlook ,景色
output ,产量
outrage ,暴行
outset ,开始
outside ,向外面
outskirts ,郊区
outstanding ,突出的
outward ,外面的
oval ,卵形的
oven ,炉
over ,在上方
overall ,全面的
overcoat ,外衣
overcome ,战胜
overhead ,在头顶上的
overhear ,偶然听到
overlap ,重叠
overlook ,看漏
overnight ,通宵的
overpass ,过街天桥
overseas ,外国的
overtake ,追上
overtime ,超时的
overturn ,倾覆
overwhelm ,淹没
overwhelming ,势不可挡的
owe ,欠
owing ,欠的
owl ,猫头鹰
owner ,物主
ownership ,所有
ox ,牛
oxygen ,氧
ozone ,臭氧
pace ,步
pack ,捆扎
package ,包装
packet ,小包裹
pact ,合同
pad ,垫
paddle ,桨
page ,页
pail ,桶
pain ,痛
painful ,疼痛的
paint ,油漆
painter ,漆工
painting ,上油漆
pair ,一对
palace ,宫
pale ,苍白的
palm ,手掌
pamphlet ,小册子
pan ,平底锅
panda ,熊猫
panel ,面
panorama ,全景
pant ,喘气
pants ,裤子
paper ,纸
paperback ,平装本
parachute ,降落伞
paradigm ,典范
paradox ,似非而是的话
paragraph ,段
parallel ,平行的
parameter ,参数
parasite ,寄生虫
parcel ,包裹
pardon ,原谅
parent ,父母
park ,公园
parliament ,国会
part ,部分
partial ,部分的
participant ,参加者
particle ,粒子
particular ,特殊的
partly ,部分地
partner ,合作者
party ,聚会
pass ,经
passage ,通过
passenger ,乘客
passion ,热情
passive ,被动的
passport ,护照
past ,过去的
paste ,糊
pastime ,消遣
pasture ,牧草地
patch ,补丁
patent ,专利的
path ,小路
pathetic ,可怜的
patience ,耐心
patient ,有耐心的
patriotic ,爱国的
patrol ,巡逻
patron ,赞助人
pattern ,模式
pave ,铺砌
pavement ,人行道
paw ,爪
pay ,付款
payment ,支付
pea ,豌豆
peace ,和平
peaceful ,和平的
peach ,桃
peak ,山顶
peanut ,花生
pear ,梨子
pearl ,珍珠
pebble ,卵石
peculiar ,古怪的
pedal ,踏板
pedestrian ,步行者
peel ,削皮
peep ,偷看
peer ,同辈
pen ,钢笔
penalty ,处罚
pencil ,铅笔
pendulum ,摆
penetrate ,穿过
peninsula ,半岛
penny ,便士
pension ,养老金
people ,人们
pepper ,胡椒粉
per ,每
perceive ,察觉
percentage ,百分数
perfect ,完善的
perfection ,尽善尽美
perform ,履行
performance ,履行
perfume ,香味
perhaps ,也许
period ,时期
periodical ,期刊
perish ,丧生
permanent ,永久的
permeate ,弥漫
permission ,允许
permit ,许可
perpetual ,永久的
perplex ,使困惑
persecute ,迫害
persevere ,坚持
person ,人
personal ,个人的
personality ,人格
personnel ,全体人员
perspective ,透视画法
persuade ,说服
persuasion ,说服
pessimistic ,悲观
pest ,害虫
pet ,爱畜
petition ,请愿书
petrol ,汽油
petroleum ,石油
petty ,小
pharmacy ,药房
phase ,阶段
phenomenon ,现象
philosopher ,哲学家
philosophy ,哲学
phrase ,短语
physical ,物质的
physician ,内科医生
physicist ,物理学家
physics ,物理
physiological ,生理学的
piano ,钢琴
pick ,拾
pickup ,拾起
picnic ,野餐
picture ,画
pie ,馅饼
pierce ,剌穿
pig ,猪
pigeon ,鸽
pile ,堆
pill ,药丸
pillar ,柱
pillow ,枕头
pilot ,飞行员
pin ,钉
pinch ,捏
pine ,松树
pink ,粉红色
pint ,品脱
pioneer ,先驱
pipe ,管子
pistol ,手枪
piston ,活塞
pit ,坑
pitch ,沥青
place ,地方
plague ,瘟疫
plain ,明白的
plan ,计划
plane ,飞机
planet ,行星
plant ,植物
plantation ,种植园
plaster ,灰泥
plate ,金属板
plateau ,高原
platform ,平台
plausible ,似是而非的
play ,玩
playground ,运动场
plead ,恳求
pleasant ,令人愉快的
please ,请
pleasure ,愉快
pledge ,誓约
plentiful ,富裕的
plenty ,丰富
plight ,情况
plot ,秘密计划
plug ,塞子
plural ,复数的
plus ,加上
pneumonia ,肺炎
pocket ,衣袋
poem ,诗
poet ,诗人
poetry ,诗歌
point ,尖
poison ,毒物
poisonous ,有毒的
poke ,刺
polar ,两极的
pole ,柱
police ,警察
policeman ,警察
policy ,政策
polish ,磨光
polite ,有礼貌的
political ,政治的
politician ,政治家
politics ,政治
poll ,民意测验
pollute ,弄脏
pollution ,污染
pond ,池塘
ponder ,沉思
pool ,水池
poor ,贫困的
pop ,流行的
pope ,罗马教皇
popular ,流行的
population ,人口
porcelain ,瓷器
porch ,门廊
pork ,猪肉
port ,港口
portable ,轻便的
porter ,守门人
portion ,一部分
portrait ,肖像
portray ,描写
pose ,姿势
position ,位置
positive ,肯定的
possess ,占有
possession ,持有
possibility ,可能
possible ,可能的
possibly ,可能地
post ,贴出
postage ,邮费
postcard ,明信片
poster ,张贴的大幅广告
postman ,邮递员
postpone ,推迟
posture ,姿势
pot ,罐
potato ,马铃薯
potential ,潜在的
poultry ,家禽
pound ,磅
pour ,灌注
poverty ,贫穷
powder ,粉末
power ,力
powerful ,强大的
practical ,实际的
practically ,几乎
practice ,练习
practise ,练习
practitioner ,实践者
praise ,赞扬
pray ,请求
prayer ,祈祷
preach ,宣讲
precaution ,预防
precede ,领先
precedent ,先例
preceding ,在前的
precious ,珍贵的
precise ,精确的
precision ,精确
preclude ,排除
predecessor ,前辈
predict ,预言
preface ,序言
pregnant ,怀孕的
prejudice ,偏见
preliminary ,预备的
premier ,首相
premise ,前提
premium ,额外费用
preparation ,准备
prepare ,准备
preposition ,介词
prescribe ,指示
prescription ,药方
presence ,出席
present ,出席的
presently ,一会儿
preserve ,保护
president ,总统
press ,压
pressure ,压
prestige ,声望
presumably ,推测起来
presume ,假定
pretend ,假装
pretext ,借口
pretty ,相当
prevalent ,流行的
previous ,先前的
prey ,被掠食者
price ,价格
pride ,自豪
priest ,教士
primary ,最初的
prime ,首要的
primitive ,原始的
prince ,王子
princess ,公主
principal ,最重要的
principle ,原理
print ,印刷
prior ,优先的
priority ,先
prison ,监狱
prisoner ,囚犯
private ,私人的
privilege ,特权
prize ,奖赏
probability ,可能性
probable ,很可能的
probe ,探针
problem ,问题
procedure ,程序
proceed ,进行
proceeding ,行动
process ,过程
procession ,队伍
proclaim ,宣告
produce ,生产
product ,产品
production ,生产
productive ,生产
productivity ,生产率
profession ,职业
professional ,职业的
professor ,教授
profile ,侧面
profit ,利润
profitable ,有利可图的
profound ,深刻的
progressive ,进步的
prohibit ,禁止
project ,方案
projector ,放映机
prolong ,拉长
prominent ,突起的
promise ,允许
promising ,有希望的
priest ,教士
primary ,最初的
prime ,首要的
primitive ,原始的
prince ,王子
princess ,公主
principal ,最重要的
principle ,原理
print ,印刷
prior ,优先的
priority ,先
prison ,监狱
prisoner ,囚犯
private ,私人的
privilege ,特权
prize ,奖赏
probability ,可能性
probable ,很可能的
probe ,探针
problem ,问题
procedure ,程序
proceed ,进行
proceeding ,行动
process ,过程
procession ,队伍
proclaim ,宣告
produce ,生产
product ,产品
production ,生产
productive ,生产
productivity ,生产率
profession ,职业
professional ,职业的
professor ,教授
profile ,侧面
profit ,利润
profitable ,有利可图的
profound ,深刻的
progressive ,进步的
prohibit ,禁止
project ,方案
projector ,放映机
prolong ,拉长
prominent ,突起的
promise ,允许
promising ,有希望的
puppet ,木偶
purchase ,买
pure ,纯的
purify ,使纯净
purple ,紫的
purpose ,目的
purse ,钱包
pursue ,追赶
pursuit ,追赶
push ,推
put ,放
puzzle ,难题
pyramid ,金字塔
qualification ,资格
qualitative ,性质上的
quality ,质量
quantify ,确定数量
quantitative ,数量的
quantity ,量
quarrel ,争吵
quart ,夸脱
quarter ,四分之一
quarterly ,每季的
quartz ,石英
queen ,女王
queer ,奇怪的
quench ,熄灭
quest ,探寻
question ,问题
questionnaire ,调查表
queue ,行列
quick ,快的
quiet ,安静的
quilt ,被子
quit ,离开
quite ,十分
quiz ,小型考试
quote ,引用
rabbit ,兔子
race ,赛跑
racial ,种的
rack ,挂物架
racket ,球拍
radar ,雷达
radiant ,发光的
radiate ,放射
radical ,基本的
radio ,收音机
radioactive ,放射性
radius ,半径
rag ,抹布
rage ,愤怒
rail ,栏杆
rain ,雨
rainbow ,虹
raise ,举起
rake ,耙子
rally ,重整
random ,随机的
range ,范围
rank ,军衔
rap ,叩击
rapid ,快
rare ,稀有的
rarely ,很少
rash ,轻率的
rat ,鼠
rate ,速率
rather ,相当
ratio ,比
rational ,理性的
raw ,未煮过的
ray ,光线
razor ,剃刀
reach ,抵达
react ,反应
read ,朗读
reader ,读者
readily ,容易地
reading ,读书
real ,真的
realistic ,现实
reality ,现实
really ,确实
realm ,王国
reap ,收割
rear ,后面
reason ,原因
reasonable ,合理的
reassure ,使安心
rebel ,反抗
rebellion ,叛乱
recall ,回忆
recede ,退回
receipt ,收据
receive ,收到
recent ,新近的
reception ,接待
recipe ,烹饪法
recipient ,接受的
reciprocal ,相互的
recite ,背诵
reckless ,不注意的
reckon ,计算
reclaim ,要求归还
recognition ,认出
recollect ,回忆
recommend ,推荐
reconcile ,使和好
record ,记录
recorder ,记录员
recover ,收回
recovery ,痊愈
recreation ,娱乐
recruit ,征募
rectify ,纠正
red ,红的
reduce ,减少
reduction ,减小
redundant ,多余的
reed ,芦苇
reel ,卷筒
refer ,参考
reference ,提及
refine ,精炼
reflect ,反射
refrain ,节制
refuge ,避难处
refund ,归还
refusal ,拒绝
refuse ,拒绝
refute ,反驳
regarding ,关于
regime ,政体
region ,地区
regular ,有规律的
regulate ,管制
regulation ,规则
rehearsal ,排练
rein ,缰绳
reinforce ,增援
reject ,拒绝
relate ,叙述
relation ,关系
relationship ,关系
relative ,相对的
relativity ,相关
relay ,中继
release ,释放
relevant ,有关的
reliable ,可靠的
reliance ,信任
relieve ,减轻
religion ,宗教
religious ,宗教的
relish ,美味
reluctant ,不愿的
remain ,剩下
remainder ,剩余物
remarkable ,值得注意的
remedy ,药品
remember ,记住
remnant ,剩余
remote ,远的
removal ,移动
remove ,移动
render ,使得
renovate ,更新
rent ,租
repair ,修理
repay ,偿还
repeat ,重复
repeatedly ,重复地
repel ,击退
repertoire ,节目
repetition ,重复
replace ,取代
replacement ,取代
reporter ,报告人
represent ,描述
representative ,代表
repression ,压抑
reproduce ,生殖
reptile ,爬行动物
republic ,共和国
republican ,共和的
reputation ,名誉
require ,需要
resemblance ,相似
resemble ,像
resent ,对
reservation ,保留
reserve ,储备
reservoir ,水库
residence ,住处
resident ,居民
resign ,辞去
resist ,抵抗
resolute ,坚决的
resolution ,坚决
resolve ,决心
resort ,凭借
respective ,各自的
respond ,回答
response ,回答
responsibility ,责任
rest ,休息
restaurant ,餐馆
restless ,得不到休息的
restore ,恢复
restraint ,抑制
restrict ,限制
result ,结果
resultant ,作为结果而发生的
resume ,个人简历
retail ,零售
retain ,保持
retention ,保留
retire ,退休
retreat ,撤退
retrieve ,重新得到
reveal ,展现
revelation ,揭示
revenge ,报复
revenue ,财政收入
reverse ,相反
review ,回顾
revise ,修订
revive ,恢复
revolution ,革命
revolutionary ,革命的
rhythm ,节奏
rib ,肋骨
ribbon ,缎带
rice ,稻
rich ,富的
riddle ,谜
ridge ,岭
ridiculous ,荒谬的
rifle ,步枪
right ,右的
rigid ,刚性的
rigorous ,严格的
ring ,戒指
riot ,暴
rip ,撕
ripe ,熟的
rise ,升起
risk ,冒
ritual ,宗教仪式的
rival ,竞争者
river ,河流
road ,路
roast ,烤
robe ,长袍
robot ,机器人
robust ,强健的
rock ,岩石
rocket ,火箭
rod ,杆
role ,角色
roll ,滚动
romance ,传奇
romantic ,浪漫的
roof ,屋顶
room ,房间
root ,根
rope ,绳
rose ,玫瑰
rotary ,旋转的
rotten ,腐烂的
rough ,粗糙的
round ,圆的
roundabout ,迂回的
route ,路线
routine ,例行公事
royal ,王室的
royalty ,皇家
rub ,擦
rubber ,橡皮
rubbish ,垃圾
ruby ,红宝石
rude ,粗鲁的
ruin ,毁灭
rule ,统治
ruler ,统治者
run ,奔
rural ,乡下的
rust ,铁锈
ruthless ,残酷的
sack ,袋
sacred ,神圣的
sacrifice ,牺牲
sad ,悲哀的
saddle ,鞍
safe ,安全的
safeguard ,维护
safety ,安全
sail ,帆
sailor ,水手
saint ,圣人
sake ,缘故
salad ,色拉
salary ,薪金
sale ,出售
salesman ,售货员
salt ,盐
salvation ,拯救
same ,相同的
sample ,样品
sand ,沙
sandwich ,三明治
sane ,心智健全的
sarcastic ,讽刺的
satellite ,卫星
satire ,讽刺
satisfaction ,满足
satisfactory ,令人满意的
satisfy ,满意
saturate ,使充满
Saturday ,星期六
sauce ,酱汁
saucer ,茶托
sausage ,香肠
savage ,野蛮的
save ,救
saving ,挽救
saw ,锯子
say ,说
scale ,刻度
scan ,细看
scandal ,丑闻
scar ,疤
scarce ,缺乏的
scarcely ,几乎不
scare ,惊恐
scarf ,围巾
scatter ,散开
scene ,景色
scenery ,风景
scent ,气味
schedule ,时间表
scheme ,计划
scholar ,学者
scholarship ,奖学金
school ,学校
science ,科学
scientific ,科学上的
scientist ,科学家
scissors ,剪子
scold ,责骂
score ,得分
scout ,侦察员
scrap ,碎片
scrape ,刮
scratch ,抓
screen ,屏幕
screw ,螺旋
script ,剧本
scrutiny ,周密的调查
sculpture ,雕刻
sea ,海
seal ,封铅
seam ,缝
seaside ,海滨
season ,季
seat ,座位
second ,第二
secondary ,次要的
secret ,秘密的
secretary ,秘书
section ,章节
sector ,部门
security ,安全
see ,看见
seed ,种子
seem ,好像
seemingly ,外观上
segment ,段
segregate ,使
seize ,抓住
seldom ,很少
select ,选择
selection ,选择
self ,自我
selfish ,自私的
sell ,卖
semester ,学期
semiconductor ,半导体
senate ,参议院
senator ,参议员
senior ,年长的
sensation ,感觉
sense ,感官
sensible ,明智的
sentence ,句子
sentiment ,感情
September ,九月
sequence ,先后
serial ,连载小说
series ,一系列
serious ,严肃的
servant ,仆人
serve ,服务
service ,服务
set ,一套
setback ,挫折
setting ,安置
settle ,安定
settlement ,解决
seven ,七
several ,几个
severe ,严厉的
sew ,缝
sex ,性别
shabby ,简陋的
shade ,荫
shadow ,阴影
shady ,成荫的
shaft ,轴
shallow ,浅的
shame ,羞耻
shampoo ,洗发膏
shape ,形状
shark ,鲨鱼
sharp ,锋利的
shatter ,碎片
shave ,剃
shear ,剪
shed ,流出
sheer ,纯粹的
sheet ,被单
shelf ,架子
shell ,壳
shelter ,掩蔽处
shepherd ,牧民
shield ,防护物
shift ,替换
shilling ,先令
shine ,照耀
ship ,船舶
shipment ,装船
shirt ,衬衫
shock ,震动
shoe ,鞋
shoot ,发射
shop ,商店
shopkeeper ,店主
shore ,海滨
short ,短的
shortage ,不足
shortcoming ,短处
shorthand ,速记
shortly ,立刻
shot ,开枪
shoulder ,肩
shout ,大声叫
shove ,乱推
show ,节目
shower ,阵雨
shrewd ,机灵的
shrink ,起皱
shut ,关
shutter ,百叶窗
shuttle ,往返汽车
shy ,怕羞的
sick ,有病的
side ,旁边
siege ,包围
sigh ,叹息
sight ,视力
sightseeing ,观光
sign ,标记
signal ,信号
signature ,签名
significance ,意义
significant ,有意义的
signify ,表示
silence ,寂静
silent ,寂静
silicon ,硅
silk ,丝
silly ,傻的
silver ,银
simple ,简单的
simplicity ,简单
simplify ,简化
simply ,简单地
simulate ,模仿
simultaneous ,同时的
sin ,罪
since ,自从
sincere ,诚挚的
sing ,唱
single ,单人的
singular ,非凡的
sip ,小口地喝
sir ,先生
siren ,警报声
sister ,姐
sit ,坐
site ,位置
situated ,坐落在
situation ,形势
six ,六
size ,大小
skate ,溜冰
skeleton ,骨骼
skeptical ,怀疑的
sketch ,素描
ski ,雪橇
skill ,技能
skim ,撇去
skin ,皮
skip ,略过
skirt ,裙子
skull ,头盖骨
sky ,天空
skyscraper ,摩天大楼
slack ,懈怠的
slaughter ,屠杀
slave ,奴隶
sleeve ,袖子
slender ,修长的
slice ,薄片
slight ,轻微的
slim ,苗条的
slip ,滑
slipper ,便鞋
slippery ,滑的
slit ,切开
slogan ,标语
slope ,斜坡
slot ,狭缝
slow ,慢的
slum ,贫民窟
sly ,狡猾的
small ,小的
smart ,漂亮的
smell ,气味
smile ,微笑
smog ,烟雾
smoke ,烟
smooth ,光滑的
smuggle ,走私
snack ,快餐
snake ,蛇
snap ,啪地移动
sneak ,偷偷地走
sneeze ,打喷嚏
sniff ,嗅
snow ,雪
snowstorm ,暴风雪
so ,那么
soak ,浸泡
soap ,肥皂
sober ,清醒的
soccer ,足球
sociable ,好交际的
social ,社会的
socialism ,社会主义
society ,社会
sociology ,社会学
soda ,苏打
sofa ,长沙发
soft ,软的
software ,软件
soil ,泥土
solar ,太阳的
soldier ,士兵
sole ,单独的
solemn ,庄严的
solid ,固体的
solidarity ,团结
solo ,独奏
soluble ,可溶的
solution ,解答
solve ,解决
some ,几个
somebody ,某人
somehow ,以某种方式
someone ,某人
something ,某事
sometime ,将来
sometimes ,不时
somewhere ,某地
son ,儿子
song ,歌唱
soon ,不久
sophisticated ,尖端的
sore ,疼痛的
sorrow ,悲衰
sorry ,对不起
sort ,种类
soul ,灵魂
sound ,声音
soup ,汤
sour ,酸的
source ,源
south ,南
southern ,南方的
sovereign ,独立的
sow ,播种
space ,间隔
spacecraft ,宇宙飞船
spaceship ,宇宙飞船
spacious ,广阔的
spade ,铁锹
span ,跨度
spare ,多余的
spark ,火花
sparkle ,发火花
speak ,说话
speaker ,说话者
spear ,矛
special ,特殊的
specialist ,专家
specific ,明确的
specification ,详述
specify ,指定
specimen ,标本
spectacular ,壮观的
spectator ,观众
spectrum ,谱
speculate ,思索
speech ,演说
speed ,速度
spell ,拼写
spelling ,拼法
spend ,花费
sphere ,球
spicy ,加很多香料的
spider ,蜘蛛
spill ,溢出
spin ,旋转
spine ,脊柱
spiral ,螺旋形的
spirit ,精神
spiritual ,精神
spit ,吐
spite ,恶意
splash ,溅
splendid ,壮丽的
split ,裂开
spoil ,损坏
spokesman ,发言人
sponge ,海绵
sponsor ,发起人
spontaneous ,自发的
spoon ,匙
sportsman ,爱好运动的人
spot ,斑点
spouse ,配偶
spray ,喷雾
spring ,春
sprinkle ,洒
sprout ,发芽
spur ,靴刺
spy ,间谍
square ,正方形
squeeze ,压榨
squirrel ,松鼠
stability ,稳定
stable ,稳定的
stack ,堆
stadium ,体育场
staff ,全体职工
stage ,舞台
stagger ,摇晃着移动
stain ,污点
stake ,桩
stale ,变质的
stalk ,茎
stall ,货摊
stamp ,邮票
stand ,站立
standard ,标准
standpoint ,立场
staple ,主要产品
star ,星
start ,开始
startle ,惊吓
state ,状态
statement ,声明
statesman ,政治家
station ,车站
stationary ,静止的
stationery ,文具
statistical ,统计的
statue ,塑像
status ,地位
statute ,成文法
stay ,逗留
steady ,稳定的
steak ,牛排
steal ,偷
steam ,水汽
steamer ,汽船
steel ,钢
steep ,陡峭的
steer ,驾驶
stem ,茎
step ,步
stereo ,立体声音响
stereotype ,陈规
stern ,严厉的
steward ,乘务员
stick ,棍
sticky ,粘的
stiff ,硬的
still ,静止的
stimulate ,刺激
stir ,搅拌
stitch ,一针
stock ,备料
stocking ,长
stomach ,胃
stone ,石
stool ,凳子
stoop ,弯腰
stop ,停止
storage ,贮藏
store ,商店
storm ,暴风雨
story ,故事
stove ,炉子
straight ,直的
straightforward ,正直的
strain ,拉紧
strange ,奇怪的
stranger ,陌生人
strap ,皮带
strategy ,战略
straw ,稻草
strawberry ,草莓
stream ,小河
streamline ,流线型的
street ,街
strength ,力
strengthen ,加强
strenuous ,费力的
stress ,压力
stretch ,伸展
stride ,大踏步走
strife ,争吵
striking ,显著的
string ,弦
strip ,剥
stripe ,长条
strive ,奋斗
stroke ,击
strong ,强壮的
structure ,结构
stubborn ,顽固的
studio ,画室
study ,学习
stuff ,原料
stumble ,跌倒
stun ,使
stupid ,愚蠢的
sturdy ,坚定的
style ,风格
subject ,主题
subjective ,主观
submarine ,潜水艇
submerge ,沉没
subsequent ,随后的
subsidy ,补助金
substance ,物质
substantial ,实质的
substitute ,代替者
subtle ,精巧的
suburb ,市郊
subway ,地铁
succeed ,成功
success ,成就
successful ,圆满的
succession ,连续
successive ,接连的
successor ,接替的人或事物
such ,这样的
sudden ,出乎意料的
sue ,控告
suffice ,充足
sugar ,糖
suggest ,建议
suggestion ,建议
suicide ,自杀
suit ,合适
suite ,套间
sum ,总数
summary ,摘要
summer ,夏天
summit ,顶
summon ,召唤
sun ,太阳
Sunday ,星期日
sunrise ,日出
sunset ,日落
sunshine ,日光
super ,极好的
superb ,极好的
superficial ,表面的
superfluous ,多余的
superior ,优良的
superiority ,优越
supermarket ,超级市场
supersonic ,超音速的
superstition ,迷信
supervise ,管理
supper ,晚餐
supplement ,补遗
suppose ,料想
suppress ,镇压
supreme ,极度的
sure ,肯定的
surface ,表面
surge ,汹涌
surgeon ,外科医生
surgery ,外科
surname ,姓
surpass ,超过
surplus ,过剩
surprise ,使诧异
surrender ,投降
surround ,包围
surroundings ,周围的事物
survival ,幸存
survive ,幸免于
susceptible ,易受影响的
suspect ,猜想
suspend ,悬
suspicion ,怀疑
sustain ,支撑
swallow ,燕子
swamp ,沼泽
swan ,天鹅
swarm ,蜂群
sway ,摇动
sweat ,汗
sweater ,毛衣
sweep ,扫
sweet ,甜的
swim ,游泳
swing ,摇摆
switch ,开关
sword ,剑
symbol ,符号
symmetry ,对称
sympathetic ,有同情心的
sympathy ,同情
symphony ,交响乐
symposium ,讨论会
syndrome ,综合病征
synthetic ,合成的
system ,系统
table ,桌子
tablet ,药片
tackle ,滑车
tag ,标签
tail ,尾巴
tailor ,裁缝
take ,拿取
tale ,故事
talent ,才能
talk ,谈话
tame ,驯服的
tangle ,纠缠
tank ,罐
tanker ,油船
tap ,塞子
tape ,带
tar ,柏油
target ,目标
tariff ,关税
task ,任务
taste ,品尝
tax ,税
taxi ,出租汽车
tea ,茶
teach ,教
teacher ,教师
team ,小队
tease ,戏弄
technical ,技术
technician ,技术员
technique ,技巧
technology ,科学技术
tedious ,乏味的
teenager ,十几岁的青少年
telegram ,电报
telegraph ,电报机
telephone ,电话
telescope ,望远镜
tell ,告诉
temper ,脾气
temperament ,气质
temperature ,温度
temple ,庙宇
tempo ,节奏
temporary ,暂时的
tempt ,诱惑
temptation ,引诱
ten ,十
tenant ,承租人
tend ,趋向
tendency ,趋势
tender ,嫩的
tennis ,网球
tense ,时态
tent ,帐篷
tentative ,试探性的
term ,学期
terminal ,晚期的
terrible ,很糟的
terrific ,极好的
terrify ,使害怕
territory ,领土
terror ,恐怖
testify ,作证
testimony ,证据
text ,正文
textbook ,课本
textile ,纺织品
thank ,感谢
Thanksgiving ,感恩节
the ,这
theft ,偷窃
them ,他们
theme ,题目
themselves ,他
then ,当时
theoretical ,理论
theory ,理论
therapy ,治疗
there ,在那儿
thereafter ,此后
thereby ,因此
therefore ,因此
thermal ,热的
thermometer ,温度计
thick ,厚的
thigh ,大腿
thin ,薄的
thing ,物
think ,想
third ,第三
thirst ,渴
thirsty ,口渴的
thirty ,三十
this ,这
thorn ,刺
thorough ,彻底的
though ,可是
thought ,思想
thoughtful ,认真思考的
thread ,线
threat ,恐吓
threaten ,恐吓
three ,三
threshold ,门槛
thrift ,节约
thrill ,一阵激动
thrive ,兴旺
throat ,咽喉
throne ,御座
throughout ,遍及
throw ,扔
thrust ,插入
thumb ,拇指
thunder ,雷
Thursday ,星期四
thus ,如此
tick ,滴答声
ticket ,票
tide ,潮
tidy ,整洁的
tie ,领带
tiger ,虎
tight ,紧的
tile ,瓦片
till ,直到
timber ,木材
time ,时间
timely ,及时的
timid ,胆怯的
tin ,罐头
tiny ,极小的
tip ,尖端
tired ,疲劳的
tiresome ,使人厌倦的
tissue ,织物
title ,书名
toast ,烤面包
tobacco ,烟草
today ,在今天
toe ,脚趾
together ,共同
toilet ,厕所
token ,表示
tolerance ,宽容
tolerant ,容忍的
tolerate ,容忍
tomato ,西红柿
tomb ,坟
tomorrow ,明天
ton ,吨
tone ,音调
tongue ,舌
tonight ,在今晚
too ,也
tool ,工具
top ,顶
topic ,话题
torch ,手电筒
torment ,折磨
torrent ,激流
torture ,拷问
toss ,向上掷
total ,总数
touch ,触
tough ,坚韧的
tour ,旅游
tourist ,旅游者
towel ,毛巾
tower ,塔
town ,市镇
toxic ,有毒的
toy ,玩具
trace ,痕迹
track ,跑道
tractor ,拖拉机
trade ,贸易
trademark ,商标
tradition ,传统
traffic ,交通
tragedy ,悲剧
tragic ,悲剧的
trail ,踪迹
train ,列车
training ,训练
trait ,特征
traitor ,叛徒
tram ,有轨电车
transaction ,办理
transcend ,超出
transform ,改变
transient ,短暂的
transistor ,晶体管
transition ,转变
translate ,翻译
translation ,翻译
transmission ,播送
transmit ,传输
transparent ,透明的
transport ,运输
trap ,陷阱
trash ,垃圾
travel ,旅行
tray ,盘
treason ,谋反
treasure ,财宝
treat ,对待
treaty ,条约
tree ,树
tremble ,战栗
tremendous ,巨大的
trend ,倾向
trial ,讯问
triangle ,三角
tribe ,种族
tribute ,贡品
trick ,诡计
toxic ,有毒的
toy ,玩具
trace ,痕迹
track ,跑道
tractor ,拖拉机
trade ,贸易
trademark ,商标
tradition ,传统
traffic ,交通
tragedy ,悲剧
tragic ,悲剧的
trail ,踪迹
train ,列车
training ,训练
trait ,特征
traitor ,叛徒
tram ,有轨电车
transaction ,办理
transcend ,超出
transform ,改变
transient ,短暂的
transistor ,晶体管
transition ,转变
translate ,翻译
translation ,翻译
transmission ,播送
transmit ,传输
transparent ,透明的
transport ,运输
trap ,陷阱
trash ,垃圾
travel ,旅行
tray ,盘
treason ,谋反
treasure ,财宝
treat ,对待
treaty ,条约
tree ,树
tremble ,战栗
tremendous ,巨大的
trend ,倾向
trial ,讯问
triangle ,三角
tribe ,种族
tribute ,贡品
trick ,诡计
ugly ,丑陋的
ultimate ,最后的
umbrella ,伞
unanimous ,全体一致的
uncle ,伯父
uncover ,揭开
under ,在
underestimate ,低估
undergo ,遭受
undergraduate ,大学生
underground ,地下的
underlie ,位于
underline ,在
underlying ,含蓄的
undermine ,暗中破坏
underneath ,在
understand ,懂
understanding ,理解
undertake ,承担
undo ,松开
undoubtedly ,无疑
uneasy ,不安的
unemployment ,失业
unexpected ,想不到的
unfold ,打开
unfortunately ,不幸地
uniform ,制服
unify ,使联合
union ,联合
unique ,唯一的
unit ,单位
unite ,联合
unity ,团结
universal ,普遍的
universe ,宇宙
unless ,除非
unlike ,不同的
unlikely ,未必的
unload ,卸货
unusual ,不平常的
up ,向上
update ,更新
upgrade ,提升
uphold ,支持
upon ,在
upper ,上面的
upright ,垂直的
uproar ,骚动
upset ,使
upstairs ,向楼上
upward ,向上的
urban ,城市的
urge ,催促
urgent ,急迫的
us ,我们
usage ,使用
use ,使
used ,用旧了的
useful ,有用的
usual ,通常的
usually ,通常
utilize ,利用
utmost ,最远的
utter ,说
vacant ,空的
vacation ,休假
vacuum ,真空
vague ,不明确的
vain ,徒劳的
valid ,有效的
valuable ,贵重的
value ,价格
valve ,阀
van ,有篷汽车
vanish ,突然不见
vanity ,虚荣心
variable ,易变的
variation ,变化
variety ,种种
various ,各种各样的
vary ,改变
vase ,花瓶
vast ,巨大的
vegetable ,蔬菜
vegetarian ,素食主义者
vegetation ,植物
vehicle ,车辆
veil ,面纱
vein ,血管
velocity ,速度
velvet ,丝绒
ventilate ,使通风
venture ,冒险
verb ,动词
verbal ,用言辞的
verge ,边
verify ,证实
versatile ,通用的
verse ,韵文
version ,版本
vertical ,垂直的
very ,很
vessel ,容器
vest ,背心
veteran ,老手
via ,经
vice ,邪恶
vicinity ,邻近
vicious ,恶毒的
victim ,牺牲品
victory ,胜利
video ,电视
view ,视野
viewpoint ,观点
vigorous ,朝气蓬勃的
village ,村
vinegar ,醋
violate ,违背
violence ,猛烈
violent ,猛烈的
violet ,紫罗兰
violin ,小提琴
virgin ,处女
virtual ,实际上的
virtue ,德行
virus ,病毒
visible ,看得见的
vision ,视力
visit ,访问
visitor ,访问者
visual ,看的
vital ,生死攸关的
vitamin ,维生素
vivid ,鲜艳的
vocabulary ,词汇
vocal ,声音的
vocation ,职业
voice ,声音
void ,空虚的
volcano ,火山
volleyball ,排球
volt ,伏特
voltage ,电压
volume ,容积
voluntary ,自愿的
vote ,投票
vowel ,元音
voyage ,航海
vulgar ,粗俗的
vulnerable ,易受攻击的
wagon ,运货马车
waist ,腰
waiter ,侍者
waitress ,女侍者
wake ,醒来
waken ,醒
walk ,走
wall ,墙
wallet ,皮夹
wander ,漫步
want ,想要
war ,战争
ward ,病房
wardrobe ,衣柜
warehouse ,仓库
warfare ,战争
warm ,温暖的
warmth ,暖和
warn ,警告
warrant ,正当理由
wash ,洗
waste ,浪费
watch ,观看
watch ,观看
water ,水
waterfall ,瀑布
waterproof ,防水的
watt ,瓦
wave ,波浪
wax ,蜡
way ,道路
we ,我们
weak ,虚弱的
wealth ,财富
wealthy ,富有的
weapon ,武器
wear ,穿着
weary ,疲倦的
weather ,天气
weave ,编
web ,网
wedding ,婚礼
wedge ,楔
Wednesday ,星期三
weed ,杂草
week ,星期
weekday ,平常日
weekend ,周末
weekly ,每星期的
weep ,哭泣
weigh ,称
weight ,重量
weird ,古怪的
welcome ,欢迎
weld ,焊接
welfare ,福利
well ,好
western ,西方的
wet ,湿的
whale ,鲸
what ,什么
whatever ,无论什么
wheat ,小麦
wheel ,轮
whenever ,无论何时
where ,在哪
whereas ,而
wherever ,无论在哪里
whether ,是否
while ,当
whip ,鞭子
whisky ,威士忌酒
whisper ,耳语
whistle ,口哨
white ,白色的
who ,谁
whole ,全部
wholesome ,卫生的
wholly ,完全地
whom ,谁
whose ,谁的
wicked ,坏的
wide ,宽阔的
widespread ,分布广泛的
widow ,寡妇
width ,宽度
wife ,妻子
wild ,野性的
willing ,愿意的
win ,获胜
wind ,风
window ,窗
wine ,葡萄酒
wing ,翅
winter ,冬季
wire ,金属线
wisdom ,智慧
wise ,有智慧的
wish ,希望
wit ,智力
witch ,女巫
with ,跟
withdraw ,收回
withhold ,使停止
within ,在
without ,无
withstand ,抵抗
witness ,目击者
wolf ,狼
wonder ,惊奇
wonderful ,惊人的
wood ,木材
wooden ,木制的
wool ,羊毛
word ,词
work ,工作
worker ,工人
workshop ,车间
world ,世界
worldwide ,全世界的
worm ,虫
worry ,烦恼
